{
  "config":{
    "hidden_size":2,
    "n_routed_experts":16
  },
  "weights":{
    "weight":[
      [
        -0.6661239862442017,
        -0.13873639702796936
      ],
      [
        -0.339631587266922,
        -0.18859760463237762
      ],
      [
        -0.6246570944786072,
        0.28375449776649475
      ],
      [
        -0.6338542103767395,
        -0.04505790024995804
      ],
      [
        0.2457990050315857,
        -0.2383487969636917
      ],
      [
        0.4012238085269928,
        0.08918479830026627
      ],
      [
        0.3886972963809967,
        0.45368340611457825
      ],
      [
        -0.31215009093284607,
        0.256978303194046
      ],
      [
        -0.3059298098087311,
        0.22165030241012573
      ],
      [
        -0.3694550096988678,
        0.3270857036113739
      ],
      [
        0.14315040409564972,
        -0.27672138810157776
      ],
      [
        -0.346832811832428,
        0.18294529616832733
      ],
      [
        0.6597462892532349,
        0.33933940529823303
      ],
      [
        -0.06828120350837708,
        -0.034321799874305725
      ],
      [
        0.40191149711608887,
        -0.49144458770751953
      ],
      [
        0.23507679998874664,
        -0.2343025952577591
      ]
    ]
  },
  "tests":[
    {
      "input_shape":[
        1,
        1,
        2
      ],
      "output_shape":[
        1,
        16
      ],
      "input":[
        [
          [
            0.7601739168167114,
            0.02055089920759201
          ]
        ]
      ],
      "output":[
        [
          -0.5092211961746216,
          -0.26205500960350037,
          -0.4690166115760803,
          -0.48276540637016296,
          0.18195170164108276,
          0.30683261156082153,
          0.3048011064529419,
          -0.2320072054862976,
          -0.2280047982931137,
          -0.2741281986236572,
          0.10313239693641663,
          -0.25989359617233276,
          0.5084956884384155,
          -0.05261090025305748,
          0.2954230010509491,
          0.1738840937614441
        ]
      ]
    },
    {
      "input_shape":[
        2,
        3,
        2
      ],
      "output_shape":[
        6,
        16
      ],
      "input":[
        [
          [
            -0.5338150262832642,
            -0.9619768261909485
          ],
          [
            -1.7629637718200684,
            0.4865371882915497
          ],
          [
            2.1058542728424072,
            -0.5918406844139099
          ]
        ],
        [
          [
            -1.242525577545166,
            -0.7119956016540527
          ],
          [
            -1.9618711471557617,
            -0.8310434818267822
          ],
          [
            1.7153427600860596,
            1.2089829444885254
          ]
        ]
      ],
      "output":[
        [
          0.4890480935573578,
          0.36272698640823364,
          0.06048610061407089,
          0.3817056119441986,
          0.09807480126619339,
          -0.2999730110168457,
          -0.6439251899719238,
          -0.08057679980993271,
          -0.049912501126527786,
          -0.11742819845676422,
          0.1897837072610855,
          0.009155400097370148,
          -0.6786190867424011,
          0.06946630030870438,
          0.25821179151535034,
          0.09990610182285309
        ],
        [
          1.1068520545959473,
          0.506998598575592,
          1.239305019378662,
          1.0955396890640259,
          -0.5493003129959106,
          -0.6639512181282043,
          -0.46452540159225464,
          0.6753388047218323,
          0.6471841931343079,
          0.8104751706123352,
          -0.38700419664382935,
          0.7004634141921997,
          -0.9980074763298035,
          0.103678397834301,
          -0.9476615190505981,
          -0.5284289121627808
        ],
        [
          -1.3206501007080078,
          -0.6035948991775513,
          -1.4833743572235107,
          -1.3081375360488892,
          0.6586813926696777,
          0.7921355962753296,
          0.5500316023826599,
          -0.8094328045845032,
          -0.7754251956939697,
          -0.971601128578186,
          0.465228796005249,
          -0.8386538028717041,
          1.1884946823120117,
          -0.12347719818353653,
          1.1372239589691162,
          0.6337074041366577
        ],
        [
          0.9264556765556335,
          0.5562816858291626,
          0.5741204023361206,
          0.8196612000465393,
          -0.13570819795131683,
          -0.562030017375946,
          -0.8059868812561035,
          0.20488710701465607,
          0.2223116010427475,
          0.22617380321025848,
          0.019156400114297867,
          0.3006924092769623,
          -1.0613598823547363,
          0.10927809774875641,
          -0.14947889745235443,
          -0.12526659667491913
        ],
        [
          1.4221453666687012,
          0.8230463862419128,
          0.989684522151947,
          1.2809853553771973,
          -0.28414779901504517,
          -0.8612657785415649,
          -1.1396045684814453,
          0.39883819222450256,
          0.41599389910697937,
          0.4530008137226105,
          -0.05087520182132721,
          0.5284057855606079,
          -1.5763429403305054,
          0.16248179972171783,
          -0.3800868093967438,
          -0.26647481322288513
        ],
        [
          -1.3103609085083008,
          -0.8105959892272949,
          -0.7284467816352844,
          -1.1417515277862549,
          0.13346989452838898,
          0.7960591912269592,
          1.2152445316314697,
          -0.22476209700107574,
          -0.25680309534072876,
          -0.2383010983467102,
          -0.08899930119514465,
          -0.373759388923645,
          1.5419466495513916,
          -0.15862010419368744,
          0.09526800364255905,
          0.11996959894895554
        ]
      ]
    },
    {
      "input_shape":[
        4,
        2,
        2
      ],
      "output_shape":[
        8,
        16
      ],
      "input":[
        [
          [
            1.1757915019989014,
            0.3696371912956238
          ],
          [
            -0.812253475189209,
            -0.19344420731067657
          ]
        ],
        [
          [
            -0.03179069980978966,
            0.6023128032684326
          ],
          [
            1.4110653400421143,
            1.3919517993927002
          ]
        ],
        [
          [
            1.1545910835266113,
            -0.6508572101593018
          ],
          [
            0.03910449892282486,
            0.7470386028289795
          ]
        ],
        [
          [
            0.06856779754161835,
            0.08989410102367401
          ],
          [
            0.5482121109962463,
            -0.5458524823188782
          ]
        ]
      ],